user_id	rank	n_train	n_q	tok_train	train_s	train_steps	rag	cluster	device	device_rag	device_cluster
8000836	91	21	13	4047	85.9841	9	0.5385	0.5385	0.5385	0.0000	0.0000
8000594	94	21	13	4734	100.7292	9	0.5385	0.5385	0.5385	0.0000	0.0000
8000316	95	21	13	4800	103.9679	9	0.8462	0.8462	0.8462	0.0000	0.0000
8000324	97	21	13	4872	0.0536	9	0.5385	0.5385	0.6154	0.0769	0.0769
8000892	98	21	12	4356	76.6224	9	0.8333	0.7500	0.8333	0.0000	0.0833
8000865	99	21	12	4490	0.0625	9	0.6667	0.7500	0.7500	0.0833	0.0000
8000891	87	22	14	4372	93.5367	9	0.3571	0.3571	0.3571	0.0000	0.0000
8000227	89	22	14	4911	109.0337	9	0.1429	0.2143	0.2143	0.0714	0.0000
8000063	92	22	13	4325	92.3788	9	0.6154	0.6154	0.6154	0.0000	0.0000
8000800	93	22	13	4542	96.6412	9	0.6923	0.6923	0.7692	0.0769	0.0769
8000901	96	22	13	4927	107.9745	9	0.1538	0.1538	0.0769	-0.0769	-0.0769
8000027	82	24	15	4998	109.6988	9	0.5333	0.5333	0.5333	0.0000	0.0000
8000727	86	24	15	5380	120.3993	9	0.1333	0.2000	0.1333	0.0000	-0.0667
8000637	88	24	14	4704	101.9024	9	0.2143	0.2143	0.2857	0.0714	0.0714
8000481	90	24	14	5394	120.1276	9	0.2857	0.3571	0.3571	0.0714	0.0000
8000253	80	25	16	5419	122.0995	12	0.3750	0.4375	0.3750	0.0000	-0.0625
8000249	83	25	15	4990	108.7846	12	0.5333	0.4667	0.4667	-0.0667	0.0000
8000593	85	25	15	5050	116.0101	12	0.2667	0.3333	0.4000	0.1333	0.0667
8000602	76	26	16	5140	117.6829	12	0.0625	0.0625	0.0625	0.0000	0.0000
8000233	77	26	16	5145	112.8707	12	0.3750	0.3750	0.3750	0.0000	0.0000
8000355	78	26	16	5271	117.9899	12	0.3750	0.3750	0.3750	0.0000	0.0000
8000367	69	27	17	5318	121.2398	12	0.2941	0.2941	0.2941	0.0000	0.0000
8000127	79	27	16	5506	124.4469	12	0.4375	0.4375	0.4375	0.0000	0.0000
8000763	81	27	16	5599	128.5118	12	0.3125	0.3125	0.3125	0.0000	0.0000
8000526	84	27	16	6316	144.7039	12	0.3125	0.2500	0.3125	0.0000	0.0625
8000288	57	28	18	5589	123.2863	12	0.3889	0.3889	0.3889	0.0000	0.0000
8000181	67	28	18	6410	150.3259	12	0.1667	0.1111	0.1111	-0.0556	0.0000
8000394	72	28	17	5482	123.8885	12	0.4706	0.4118	0.3529	-0.1176	-0.0588
8000132	73	28	17	5711	132.4189	12	0.4706	0.4706	0.4706	0.0000	0.0000
8000738	74	28	17	6108	141.1201	12	0.1765	0.2353	0.1765	0.0000	-0.0588
8000160	75	28	17	6120	139.6391	12	0.3529	0.3529	0.2941	-0.0588	-0.0588
8000587	60	29	18	5883	136.0108	12	0.3333	0.3333	0.3889	0.0556	0.0556
8000830	62	30	18	6070	143.3031	12	0.1667	0.2778	0.2222	0.0556	-0.0556
8000154	63	30	18	6107	141.5621	12	0.5000	0.5000	0.5000	0.0000	0.0000
8000128	64	30	18	6109	141.8106	12	0.5556	0.5556	0.5556	0.0000	0.0000
8000503	66	30	18	6369	149.1473	12	0.3333	0.3333	0.2778	-0.0556	-0.0556
8000283	70	30	18	6500	151.3426	12	0.5556	0.5556	0.5000	-0.0556	-0.0556
8000880	68	31	18	6465	152.5933	12	0.6111	0.5556	0.5556	-0.0556	0.0000
8000657	71	31	18	6502	151.2556	12	0.2778	0.2778	0.2778	0.0000	0.0000
8000775	55	32	19	6509	120.9564	12	0.3684	0.4211	0.3684	0.0000	-0.0526
8000400	56	32	19	6636	152.1101	12	0.3684	0.4211	0.3684	0.0000	-0.0526
8000879	59	32	19	6882	162.0136	12	0.2632	0.2105	0.2105	-0.0526	0.0000
8000110	52	33	20	6489	161.5024	15	0.2500	0.2500	0.2500	0.0000	0.0000
8000754	53	33	20	6609	170.8594	15	0.6500	0.7000	0.7000	0.0500	0.0000
8000703	58	33	19	6932	161.5757	15	0.5789	0.6316	0.5789	0.0000	-0.0526
8000798	65	33	19	7565	178.1773	15	0.5263	0.5263	0.5789	0.0526	0.0526
8000872	54	34	20	7487	199.3579	15	0.4000	0.4500	0.4000	0.0000	-0.0500
8000473	61	34	20	8075	193.3290	15	0.4500	0.5000	0.4500	0.0000	-0.0500
8000695	51	35	21	7440	189.6760	15	0.3333	0.3810	0.3810	0.0476	0.0000
8000862	48	36	22	7525	192.0947	15	0.3182	0.3182	0.3182	0.0000	0.0000
8000565	50	36	22	7799	206.9417	15	0.5000	0.5000	0.4545	-0.0455	-0.0455
8000376	46	37	22	7118	190.4638	15	0.5909	0.5909	0.6818	0.0909	0.0909
8000753	40	39	24	7910	214.3909	15	0.1667	0.2083	0.2083	0.0417	0.0000
8000670	42	39	24	8149	224.3841	15	0.2500	0.2083	0.2083	-0.0417	0.0000
8000516	43	39	24	8494	222.2386	15	0.2917	0.2083	0.2500	-0.0417	0.0417
8000540	44	39	24	8938	238.4064	15	0.5417	0.5417	0.5417	0.0000	0.0000
8000644	47	39	23	8450	220.4431	15	0.4348	0.4783	0.4783	0.0435	0.0000
8000716	49	39	23	8615	223.6842	15	0.5217	0.5217	0.5652	0.0435	0.0435
8000870	38	40	25	8560	238.6464	15	0.5200	0.4800	0.4400	-0.0800	-0.0400
8000057	45	40	24	8919	235.8240	15	0.7917	0.8333	0.7917	0.0000	-0.0417
8000421	37	41	25	8300	242.1231	18	0.2000	0.2400	0.3200	0.1200	0.0800
8000889	41	42	25	9269	249.0794	18	0.0400	0.0000	0.0400	0.0000	0.0400
8000226	34	45	27	9706	271.2998	18	0.1852	0.2222	0.2222	0.0370	0.0000
8000044	35	46	27	9799	274.3957	18	0.5556	0.5926	0.5926	0.0370	0.0000
8000693	36	46	27	10077	283.1779	18	0.3333	0.3704	0.3704	0.0370	0.0000
8000854	39	46	27	10579	307.3731	18	0.4444	0.4074	0.4444	0.0000	0.0370
8000751	31	49	29	9511	268.4181	21	0.3448	0.3448	0.3448	0.0000	0.0000
8000756	33	49	30	10773	304.0908	21	0.4333	0.4667	0.4000	-0.0333	-0.0667
8000023	26	54	32	11064	308.0680	21	0.3438	0.3438	0.4375	0.0938	0.0938
8000905	27	54	32	11213	322.0914	21	0.2188	0.3438	0.3438	0.1250	0.0000
8000590	29	54	32	11589	368.9180	21	0.4062	0.4375	0.4375	0.0312	0.0000
8000806	23	55	33	11280	320.2957	21	0.1818	0.1818	0.2121	0.0303	0.0303
8000562	30	55	32	11776	329.4389	21	0.3125	0.3125	0.3438	0.0312	0.0312
8000159	32	55	32	12154	344.0757	21	0.3750	0.4062	0.3750	0.0000	-0.0312
8000120	28	56	33	12309	350.7366	21	0.2424	0.1818	0.2727	0.0303	0.0909
8000584	25	57	33	11712	343.8933	24	0.3030	0.3030	0.3333	0.0303	0.0303
8000065	19	58	35	12053	347.1568	24	0.3714	0.3429	0.3429	-0.0286	0.0000
8000305	22	58	35	12611	358.2212	24	0.2571	0.2857	0.3143	0.0571	0.0286
8000077	21	59	35	12317	357.7507	24	0.3143	0.3429	0.3714	0.0571	0.0286
8000149	20	61	37	13776	391.6735	24	0.6216	0.6486	0.6486	0.0270	0.0000
8000032	24	61	36	13790	397.9448	24	0.5000	0.5000	0.5000	0.0000	0.0000
8000412	17	63	38	12923	393.5588	24	0.4474	0.4474	0.4737	0.0263	0.0263
8000675	18	66	39	13745	400.9933	27	0.3590	0.4103	0.4615	0.1026	0.0513
8000005	14	71	42	14244	400.0197	27	0.2619	0.3095	0.3095	0.0476	0.0000
8000142	15	72	42	15545	455.6757	27	0.2619	0.2381	0.2857	0.0238	0.0476
8000175	16	72	42	15677	456.1308	27	0.6905	0.6667	0.7381	0.0476	0.0714
8000845	11	73	44	14251	383.6080	30	0.5909	0.5909	0.5682	-0.0227	-0.0227
8000928	13	77	46	17272	503.1481	30	0.2826	0.3478	0.3478	0.0652	0.0000
8000007	10	84	50	17462	467.8907	33	0.5200	0.5200	0.5600	0.0400	0.0400
8000818	12	87	51	19148	512.5143	33	0.3529	0.3529	0.3529	0.0000	0.0000
8000486	9	90	53	19141	525.5052	36	0.4906	0.4906	0.5094	0.0189	0.0189
8000796	8	96	56	20406	574.4815	36	0.3929	0.3750	0.4107	0.0179	0.0357
8000736	6	102	60	21493	579.0571	39	0.3333	0.3333	0.3500	0.0167	0.0167
8000491	7	105	61	23150	642.9956	42	0.4262	0.4426	0.4590	0.0328	0.0164
8000688	5	123	73	26318	663.9678	48	0.2603	0.2466	0.2466	-0.0137	0.0000
8000231	4	130	76	26955	635.8463	51	0.2368	0.3026	0.3026	0.0658	0.0000
8000458	2	133	79	27420	0.0682	51	0.1899	0.2785	0.2785	0.0886	0.0000
8000170	3	150	88	32430	0.0545	57	0.6932	0.7273	0.7614	0.0682	0.0341
8000345	1	333	195	74725	2664.2952	126	0.2462	0.8564	0.8769	0.6308	0.0205
8000201	0	774	452	171282	5666.8475	291	0.2854	0.7677	0.7588	0.4735	-0.0088
