block	arm	delay_s	start_utc	end_utc
1	C	0	2026-09-22T12:04:24Z	2026-09-22T12:24:44Z
2	P1	1	2026-09-22T12:24:44Z	2026-09-22T12:45:03Z
3	C	0	2026-09-22T12:45:03Z	2026-09-22T13:05:23Z
4	P2	3	2026-09-22T13:05:23Z	2026-09-22T13:25:45Z
5	C	0	2026-09-22T13:25:45Z	2026-09-22T13:46:04Z
6	B	0	2026-09-22T13:46:04Z	2026-09-22T14:08:35Z
7	C	0	2026-09-22T14:08:35Z	2026-09-22T14:28:52Z
8	P2	3	2026-09-22T14:28:52Z	2026-09-22T14:49:10Z
9	C	0	2026-09-22T14:49:10Z	2026-09-22T15:09:27Z
10	P1	1	2026-09-22T15:09:27Z	2026-09-22T15:29:43Z
11	C	0	2026-09-22T15:29:43Z	2026-09-22T15:50:01Z
12	B	0	2026-09-22T15:50:01Z	2026-09-22T16:12:32Z
13	C	0	2026-09-22T16:12:32Z	2026-09-22T16:32:52Z
